#Data tag : 19v3 , Norm tag: None
#run:fill,time,nls,ncms,delivered(/fb),recorded(/fb)
317087:6738,05/29/18 02:15:38,340,340,0.105226180,0.101232388
317089:6738,05/29/18 04:46:51,997,997,0.219761930,0.212451661
317182:6741,05/30/18 12:17:59,905,905,0.244501152,0.237203298
317213:6744,05/31/18 05:29:39,93,93,0.030373422,0.029210472
317279:6747,05/31/18 17:11:10,460,460,0.067425203,0.065035608
317291:6749,06/01/18 06:10:03,284,284,0.089554106,0.087239989
317292:6749,06/01/18 08:08:05,330,330,0.087646871,0.085006647
317297:6749,06/01/18 11:35:45,693,693,0.126617260,0.123016692
317320:6751,06/01/18 22:52:43,1478,1478,0.349530211,0.337540667
317340:6752,06/02/18 14:05:02,142,142,0.046492249,0.043472837
317392:6757,06/04/18 06:46:39,1382,1382,0.314674286,0.305810812
317435:6759,06/05/18 01:38:22,1184,1184,0.298119202,0.287698895
317438:6759,06/05/18 09:20:20,307,307,0.051746867,0.049709578
317484:6761,06/05/18 20:47:15,369,369,0.112267117,0.108607735
317488:6761,06/05/18 23:26:30,819,819,0.181994135,0.176328994
317527:6763,06/07/18 01:09:44,1093,1093,0.331027891,0.320559547
317591:6768,06/08/18 08:46:59,37,37,0.014037559,0.013641099
317626:6770,06/08/18 22:31:58,1730,1730,0.433726249,0.420141630
317640:6772,06/09/18 15:24:55,546,546,0.173851503,0.167689423
317641:6772,06/09/18 19:02:09,1375,1375,0.272464206,0.264554046
317649:6773,06/10/18 07:23:44,579,579,0.187337884,0.181005466
317650:6773,06/10/18 11:10:27,1304,1304,0.264311478,0.255996426
317661:6774,06/10/18 23:22:04,995,995,0.298525736,0.288964909
317663:6774,06/11/18 06:28:48,840,840,0.153843896,0.150066855
317683:6776,06/11/18 17:30:48,134,134,0.049676543,0.047630171
317696:6778,06/12/18 01:23:27,423,423,0.149260801,0.143873790
318733:6850,06/26/18 22:29:04,31,31,0.002804112,0.002613829
318828:6858,06/28/18 06:33:31,62,62,0.011914908,0.011492657
318872:6860,06/28/18 15:56:21,256,256,0.089048434,0.086210731
318874:6860,06/28/18 17:39:38,316,316,0.102969915,0.099565217
318876:6860,06/28/18 19:45:23,160,160,0.048736012,0.046587025
318877:6860,06/28/18 20:49:22,600,600,0.161256776,0.156897304
#Summary:
#nfill,nrun,nls,ncms,totdelivered(/fb),totrecorded(/fb)
#21,32,20264,20264,5.070724093,4.907056398
#Check JSON:
#(run,ls) in json but not in results: []
